{"cameraMode":{"drawMode":0,"name":"Shaded","section":"Shading Mode"},"sceneLighting":true,"audioPlay":false,"sceneViewState":{"showFog":true,"showMaterialUpdate":false,"showSkybox":true,"showFlares":true,"showImageEffects":true,"showParticleSystems":true},"in2DMode":false,"pivot":{"x":-466.6593933105469,"y":-250.76304626464845,"z":464.2711181640625},"rotation":{"x":0.17297421395778657,"y":0.31022560596466067,"z":-0.057513028383255008,"w":0.93302321434021},"size":6.6413116455078129,"orthographic":false}