{"cameraMode":{"drawMode":0,"name":"Shaded","section":"Shading Mode"},"sceneLighting":true,"audioPlay":false,"sceneViewState":{"showFog":true,"showMaterialUpdate":false,"showSkybox":true,"showFlares":true,"showImageEffects":true,"showParticleSystems":true},"in2DMode":false,"pivot":{"x":-463.1054992675781,"y":-250.4535675048828,"z":457.2452087402344},"rotation":{"x":-0.028190862387418748,"y":0.9716678261756897,"z":-0.17411655187606812,"w":-0.15732277929782868},"size":5.716464519500732,"orthographic":false}